{
  "2009-01": 2683.1569,
  "2009-02": 1851.9391,
  "2009-03": 1694.9434999999999,
  "2009-04": 917.4968000000001,
  "2009-05": 4346.9504,
  "2009-06": 2146.0570999999995,
  "2009-07": 3616.0147000000006,
  "2009-08": 2142.2622,
  "2009-09": 1368.0668999999998,
  "2009-10": 4546.0500999999995,
  "2009-11": 4284.626,
  "2009-12": 2549.1475,
  "2010-01": 2815.3008,
  "2010-02": 2516.3846,
  "2010-03": 2043.3881999999999,
  "2010-04": 2430.549,
  "2010-05": 1294.9484000000002,
  "2010-06": 1529.0195,
  "2010-07": 3980.9722,
  "2010-08": 7807.680199999999,
  "2010-09": 4102.4313,
  "2010-10": 4275.1274,
  "2010-11": 2402.3861,
  "2010-12": 3030.9605999999994,
  "2011-01": 2648.0133000000005,
  "2011-02": 2476.2969000000003,
  "2011-03": 531.2231,
  "2011-04": 440.9541,
  "2011-05": 984.4119999999999,
  "2011-06": 4685.3459,
  "2011-07": 5988.236099999999,
  "2011-08": 5016.439700000001,
  "2011-09": 3798.5728,
  "2011-10": 2980.6491,
  "2011-11": 1079.3194,
  "2011-12": 6906.3217,
  "2012-01": 1690.6732999999997,
  "2012-02": 533.6782,
  "2012-03": 1011.6605999999999,
  "2012-04": 2767.7514,
  "2012-05": 1807.9882,
  "2012-06": 3996.7648999999997,
  "2012-07": 7928.8736,
  "2012-08": 5654.1741999999995,
  "2012-09": 4043.2512999999994,
  "2012-10": 4575.4514,
  "2012-11": 4367.4355000000005,
  "2012-12": 5283.2714,
  "2013-01": 2472.0183000000006,
  "2013-02": 1676.5633,
  "2013-03": 1742.6150000000002,
  "2013-04": 1132.7819000000004,
  "2013-05": 4648.7487,
  "2013-06": 2686.768,
  "2013-07": 1010.2605000000002,
  "2013-08": 1109.4286,
  "2013-09": 5392.507099999999,
  "2013-10": 5816.4882,
  "2013-11": 4994.9157000000005,
  "2013-12": 3070.3214,
  "2014-01": 4515.1252,
  "2014-02": 1974.1448999999998,
  "2014-03": 1268.8576,
  "2014-04": 1652.8578,
  "2014-05": 4129.389399999999,
  "2014-06": 809.4816000000001,
  "2014-07": 6490.845499999999,
  "2014-08": 6586.5381,
  "2014-09": 524.0175,
  "2014-10": 3580.6764999999996,
  "2014-11": 1386.5376999999999,
  "2014-12": 3950.028599999999,
  "2015-01": 5225.430100000001,
  "2015-02": 2577.3444999999997,
  "2015-03": 2309.6289,
  "2015-04": 599.3999999999999,
  "2015-05": 2168.4464999999996,
  "2015-06": 1183.0177999999999,
  "2015-07": 4313.0715,
  "2015-08": 6924.745300000002,
  "2015-09": 4310.8891,
  "2015-10": 1729.3757,
  "2015-11": 7032.8218,
  "2015-12": 1789.1544999999999
}
